AUC,Best Threshold,Sensitivity,Specificity
0.7752008030466325,0.34011123,0.7372262773722628,0.6929008845543208
